giriş,çıkış,yön,macd,n,exp,is_n,is_exp,is_t,oos_n,oos_exp,oos_p,wr,coins_pos,n_coins,K1_OOS,maliyet2_exp,btc_2014_exp,btc_2014_n,btc_2017_oncesi_exp,btc_2017_oncesi_n,K3_maliyet2,K_coin,K_btc_uzun,K_tüm_dönem,GEÇTİ
MACDYON · yön + RSI(2) aşırı (1s eşdeğeri),IZ_SUREN_2.5ATR,both,True,1386,0.35073721869375646,676,0.5403368929097336,5.242903641133181,710,0.17021696549657253,0.017533215727655302,0.3412698412698413,0.8666666666666667,15,True,0.3266935950646793,1.0567514007614414,148.0,0.8018741683427164,29.0,True,True,True,True,True
MACDYON · yön + EMA20'ye geri çekilme (1s eşdeğeri),IZ_SUREN_2.5ATR,both,True,1602,0.3330139958092191,823,0.45406925736695325,4.961597137875363,779,0.20512120985027793,0.0068008989028947335,0.33395755305867664,0.9333333333333333,15,True,0.30964268480339874,0.5928116578431243,169.0,0.6128119553948969,39.0,True,True,True,True,True
MACDYON · yön + RSI(2) aşırı (1s eşdeğeri),IZ_SUREN_2.5ATR,long,True,883,0.37337045859333806,463,0.6300930706150335,4.586902267369347,420,0.09036434105513576,0.19308171817214925,0.32842582106455265,0.8666666666666667,15,False,0.3503104211831616,1.4835836704438548,78.0,2.3420866894014476,12.0,True,True,True,True,False
MACDYON · yön + RSI(2) aşırı (1s eşdeğeri),SABIT_4R,both,True,1315,0.2856021984906525,659,0.3659008040856928,4.3957245809589605,656,0.20493637366270814,0.005394770498035461,0.31102661596958175,0.9333333333333333,15,True,0.26182779965642883,0.49240988562854,146.0,-0.10601806867376709,31.0,True,True,True,True,True
MACDYON · yön + RSI(2) aşırı (1s eşdeğeri),TP0.5>BE_3R,both,True,1765,0.1647030649141457,885,0.19824709200642954,4.34164772753281,880,0.13096844675883756,0.0017879065450470556,0.17960339943342776,1.0,15,True,0.14065322518127626,0.27944705577852785,174.0,-0.01116570766780244,36.0,True,True,True,True,True
MACDYON · yön + EMA20'ye geri çekilme (1s eşdeğeri),IZ_SUREN_2.5ATR,long,True,1037,0.37911672209794545,553,0.5198720805707336,4.318479811234723,484,0.2182950005370944,0.02732440924529599,0.3172613307618129,0.8,15,True,0.35521011183291573,0.920346002101713,93.0,1.397305609389359,22.0,True,True,True,True,True
MACDYON · yön + RSI(2) aşırı (1s eşdeğeri),SABIT_4R,long,True,843,0.2354491706086711,445,0.42996122741530035,4.149144699720809,398,0.01796709704347008,0.42860175996426186,0.28944246737841045,0.8,15,False,0.21234936759152725,0.6809706361274197,80.0,0.43742140962033266,14.0,True,True,True,True,False
MACDYON · yön + RSI(2) aşırı (1s eşdeğeri),%50@1R>BE_4R,both,True,1520,0.13322284519662497,750,0.1880489550904428,3.9950207973323857,770,0.07982079010524398,0.035469632121475164,0.5526315789473685,0.9333333333333333,15,True,0.1092326194487146,0.22494403464471896,166.0,0.031076888066794636,35.0,True,True,True,True,True
"MACDYON · yön + hızlı MACD(12,26,9) kesişimi (1s eşdeğeri)",IZ_SUREN_2.5ATR,long,True,463,0.6680039727632128,249,0.7714290069505598,3.9220583253082375,214,0.5476636292461594,0.0014520678637792686,0.3758099352051836,0.9333333333333333,15,True,0.6416172009072814,1.097902987610543,44.0,0.8362991020175836,8.0,True,True,True,True,True
MACDYON · yön + EMA20'ye geri çekilme (1s eşdeğeri),TP0.5>BE_3R,both,True,2006,0.12337142795361958,1013,0.16021046137293737,3.8472700252474774,993,0.08579042004448673,0.017230096230011344,0.16550348953140578,0.8666666666666667,15,True,0.09950512059946474,0.24365397642266975,203.0,0.30148509171566973,44.0,True,True,True,True,True
